<?xml version="1.0" encoding="UTF-8"?>
<!DOCTYPE beans PUBLIC 
"-//SPRING//DTD BEAN//EN" 
"http://www.springframework.org/dtd/spring-beans.dtd">
<beans>
	<bean id="jobSonix" class="com.java.spr.JobDetails">
		<property name="job" value="Software Engineer" />
		<property name="company" value="Sonix" />
		<property name="location" value="IIIT Campus" />
	</bean>
	<bean id="beanPersonKarthik" class="com.java.spr.Person">
		<property name="id" value="1" />
		<property name="name" value="Karthik" />
		<property name="jobDetails" ref="jobSonix" />
		<property name="family">
			<bean class="com.java.spr.Family">
				<property name="city" value="Hyderabad" />
				<property name="state" value="TS" />
			</bean>
		</property>
	</bean>
	<bean id="beanPersonAnilVarma" class="com.java.spr.Person">
		<property name="id" value="2" />
		<property name="name" value="Anil Varma" />
		<property name="jobDetails" ref="jobSonix" />
		<property name="family">
			<bean class="com.java.spr.Family">
				<property name="city" value="Chennai" />
				<property name="state" value="TN" />
			</bean>
		</property>
	</bean>
	<bean id="beanPersonNaveen" class="com.java.spr.Person">
		<property name="id" value="3" />
		<property name="name" value="Naveen" />
		<property name="jobDetails" ref="jobSonix" />
		<property name="family">
			<bean class="com.java.spr.Family">
				<property name="city" value="Vizag" />
				<property name="state" value="AP" />
			</bean>
		</property>
	</bean>
</beans>