<?xml version="1.0" encoding="UTF-8"?>
<beans xmlns = "http://www.springframework.org/schema/beans"
   xmlns:xsi = "http://www.w3.org/2001/XMLSchema-instance"
   xmlns:context = "http://www.springframework.org/schema/context"
   xsi:schemaLocation = "http://www.springframework.org/schema/beans
   http://www.springframework.org/schema/beans/spring-beans.xsd
   http://www.springframework.org/schema/context
   http://www.springframework.org/schema/context/spring-context.xsd">
<context:annotation-config/>
	<bean id="jobDetails" class="com.java.spr.JobDetails">
				<property name="job" value="Software Engineer..." />
				<property name="company" value="TCS" />
				<property name="location" value="Hyderabad Raheja Mindspace" />
	</bean>
	<bean id="beanTejaswi" class="com.java.spr.Person">
		<property name="id" value="1" />
		<property name="name" value="Tejaswi" />
		<property name="familyDetails">
			<bean class="com.java.spr.Family">
				<property name="city" value="Hyderabad" />
				<property name="state" value="TS" />
			</bean>
		</property>
	</bean>
	<bean id="beanKarthik" class="com.java.spr.Person">
		<property name="id" value="2" />
		<property name="name" value="Karthik Karanam" />
		<property name="familyDetails">
			<bean class="com.java.spr.Family">
				<property name="city" value="Bangalore" />
				<property name="state" value="KA" />
			</bean>
		</property>
	</bean>
	<bean id="beanAkhil" class="com.java.spr.Person">
		<property name="id" value="3" />
		<property name="name" value="Akhil Adapala" />
		<property name="familyDetails">
			<bean class="com.java.spr.Family">
				<property name="city" value="Chennai" />
				<property name="state" value="TN" />
			</bean>
		</property>
	</bean>
	<bean id="beanMeghana" class="com.java.spr.Person">
		<property name="id" value="4" />
		<property name="name" value="Meghana" />
		<property name="familyDetails">
			<bean class="com.java.spr.Family">
				<property name="city" value="Mumbai" />
				<property name="state" value="MH" />
			</bean>
		</property>
	</bean>
</beans>