<?xml version="1.0" encoding="UTF-8"?>
<!DOCTYPE beans PUBLIC 
"-//SPRING//DTD BEAN//EN" 
"http://www.springframework.org/dtd/spring-beans.dtd">
<beans>
	<bean id="product1" class="com.java.spr.Product">
		<property name="product" value="laptop" />
		<property name="quantityavail" value="20" />
		<property name="price" value="40000" />
	</bean>
	<bean id="product2" class="com.java.spr.Product">
		<property name="product" value="Mobile" />
		<property name="quantityavail" value="12" />
		<property name="price" value="60000" />
	</bean>
	<bean id="order1" class="com.java.spr.Order">
		<property name="orderId" value="1" />
		<property name="qtyOrd" value="12" />
		<property name="product" ref="product1" />
	</bean>
	<bean id="order2" class="com.java.spr.Order">
		<property name="orderId" value="2" />
		<property name="qtyOrd" value="10" />
		<property name="product" ref="product2" />
	</bean>
	<bean id="order3" class="com.java.spr.Order">
		<property name="orderId" value="3" />
		<property name="qtyOrd" value="15" />
		<property name="product" ref="product2" />
	</bean>
	<bean id="orderLogic" class="com.java.spr.OrderLogic">
		<property name="orderList">
			<list>
				<ref bean="order1" />
				<ref bean="order2" />
				<ref bean="order3" />
			</list>
		</property>
	</bean>
</beans>