<?xml version="1.0" encoding="UTF-8"?>
<!DOCTYPE beans PUBLIC 
"-//SPRING//DTD BEAN//EN" 
"http://www.springframework.org/dtd/spring-beans.dtd">
<beans>
	<bean id="studentOne" class="com.java.spr.Student">
		<property name="sno" value="1" />
		<property name="firstName" value="Karthik" />
		<property name="lastName" value="Karanam" />
	</bean>
	<bean id="studentTwo" class="com.java.spr.Student">
		<property name="sno" value="2" />
		<property name="firstName" value="Anil" />
		<property name="lastName" value="Varma" />
	</bean>
	<bean id="studentThree" class="com.java.spr.Student">
		<property name="sno" value="3" />
		<property name="firstName" value="Meghana" />
		<property name="lastName" value="Tilari" />
	</bean>
	<bean id="beanTrainer" class="com.java.spr.Trainer">
		<property name="trainerName" value="Prasanna Pappu" />
		<property name="location" value="Hyderabad" />
		<property name="studentList">
			<list>
				<ref bean="studentOne" />
				<ref bean="studentTwo" />
				<ref bean="studentThree" />
			</list>
		</property>
	</bean>
</beans>	