<?xml version="1.0" encoding="UTF-8"?>
<!DOCTYPE beans PUBLIC 
"-//SPRING//DTD BEAN//EN" 
"http://www.springframework.org/dtd/spring-beans.dtd">
<beans>
	<bean id="beanStudentVig" class="com.java.spr.Student">
		<property name="sno" value="1" />
		<property name="firstName" value="Vignesh" />
		<property name="lastName" value="Eswar" />
	</bean>
	<bean id="beanStudentMano" class="com.java.spr.Student">
		<property name="sno" value="2" />
		<property name="firstName" value="Manohar" />
		<property name="lastName" value="D" />
	</bean>
	<bean id="beanStudentHanu" class="com.java.spr.Student">
		<property name="sno" value="3" />
		<property name="firstName" value="Hanumanth" />
		<property name="lastName" value="H" />
	</bean>
	
	<bean id="beanFaculty" class="com.java.spr.Faculty">
		<property name="trainerName" value="Prasanna" />
		<property name="location" value="Hyderabad" />
		<property name="studentList">
			<list>
				<ref bean="beanStudentHanu"/>
				<ref bean="beanStudentMano" />
				<ref bean="beanStudentVig" />
			</list>
		</property>
	</bean>
</beans>