[{
    "id": "001",
    "date": "2018-02-11T14:22:18Z",
    "check_in": "09:38 AM",
    "break": "31 mins",
    "check_out": "17:33 PM",
    "hours": "09h:11 mins",
    "status": "Present",
    "details": "Fowl darkness our sixth heaven. In image lights fourth a hath don't Abundantly they're, image you're . God creature is sixth was abundantly and sea gathered i the two let upon days.\n\nVery make fly saying light don't. Forth, replenish likeness."
  },
  {
    "id": "002",
    "date": "2018-02-25T14:22:18Z",
    "check_in": "09:35 AM",
    "break": "37 mins",
    "check_out": "17:25 PM",
    "hours": "09h:36 mins",
    "status": "Absent",
    "details": "Fowl darkness our sixth heaven. In image lights fourth a hath don't Abundantly they're, image you're . God creature is sixth was abundantly and sea gathered i the two let upon days.\n\nVery make fly saying light don't. Forth, replenish likeness."
  },
  {
    "id": "003",
    "date": "2018-02-12T14:22:18Z",
    "check_in": "09:18 AM",
    "break": "28 mins",
    "check_out": "17:39 PM",
    "hours": "09h:26 mins",
    "status": "Present",
    "details": "Fowl darkness our sixth heaven. In image lights fourth a hath don't Abundantly they're, image you're . God creature is sixth was abundantly and sea gathered i the two let upon days.\n\nVery make fly saying light don't. Forth, replenish likeness."
  },
  {
    "id": "004",
    "date": "2018-02-13T14:22:18Z",
    "check_in": "09:18 AM",
    "break": "35 mins",
    "check_out": "17:50 PM",
    "hours": "09h:11 mins",
    "status": "Present",
    "details": "Fowl darkness our sixth heaven. In image lights fourth a hath don't Abundantly they're, image you're . God creature is sixth was abundantly and sea gathered i the two let upon days.\n\nVery make fly saying light don't. Forth, replenish likeness."
  },
  {
    "id": "005",
    "date": "2018-02-14T14:22:18Z",
    "check_in": "09:40 AM",
    "break": "24 mins",
    "check_out": "17:25 PM",
    "hours": "09h:14 mins",
    "status": "Absent",
    "details": "Fowl darkness our sixth heaven. In image lights fourth a hath don't Abundantly they're, image you're . God creature is sixth was abundantly and sea gathered i the two let upon days.\n\nVery make fly saying light don't. Forth, replenish likeness."
  },
  {
    "id": "006",
    "date": "2018-02-15T14:22:18Z",
    "check_in": "09:42 AM",
    "break": "28 mins",
    "check_out": "17:33 PM",
    "hours": "09h:24 mins",
    "status": "Present",
    "details": "Fowl darkness our sixth heaven. In image lights fourth a hath don't Abundantly they're, image you're . God creature is sixth was abundantly and sea gathered i the two let upon days.\n\nVery make fly saying light don't. Forth, replenish likeness."
  },
  {
    "id": "007",
    "date": "2018-02-16T14:22:18Z",
    "check_in": "09:35 AM",
    "break": "31 mins",
    "check_out": "17:39 PM",
    "hours": "09h:36 mins",
    "status": "Present",
    "details": "Fowl darkness our sixth heaven. In image lights fourth a hath don't Abundantly they're, image you're . God creature is sixth was abundantly and sea gathered i the two let upon days.\n\nVery make fly saying light don't. Forth, replenish likeness."
  },
  {
    "id": "008",
    "date": "2018-02-18T14:22:18Z",
    "check_in": "09:46 AM",
    "break": "38 mins",
    "check_out": "17:25 PM",
    "hours": "09h:30 mins",
    "status": "Absent",
    "details": "Fowl darkness our sixth heaven. In image lights fourth a hath don't Abundantly they're, image you're . God creature is sixth was abundantly and sea gathered i the two let upon days.\n\nVery make fly saying light don't. Forth, replenish likeness."
  },
  {
    "id": "009",
    "date": "2018-02-19T14:22:18Z",
    "check_in": "09:38 AM",
    "break": "28 mins",
    "check_out": "17:30 PM",
    "hours": "09h:24 mins",
    "status": "Present",
    "details": "Fowl darkness our sixth heaven. In image lights fourth a hath don't Abundantly they're, image you're . God creature is sixth was abundantly and sea gathered i the two let upon days.\n\nVery make fly saying light don't. Forth, replenish likeness."
  },
  {
    "id": "010",
    "date": "2018-02-20T14:22:18Z",
    "check_in": "09:14 AM",
    "break": "21 mins",
    "check_out": "17:50 PM",
    "hours": "09h:19 mins",
    "status": "Present",
    "details": "Fowl darkness our sixth heaven. In image lights fourth a hath don't Abundantly they're, image you're . God creature is sixth was abundantly and sea gathered i the two let upon days.\n\nVery make fly saying light don't. Forth, replenish likeness."
  },
  {
    "id": "011",
    "date": "2018-02-21T14:22:18Z",
    "check_in": "09:46 AM",
    "break": "24 mins",
    "check_out": "17:52 PM",
    "hours": "09h:26 mins",
    "status": "Present",
    "details": "Fowl darkness our sixth heaven. In image lights fourth a hath don't Abundantly they're, image you're . God creature is sixth was abundantly and sea gathered i the two let upon days.\n\nVery make fly saying light don't. Forth, replenish likeness."
  },
  {
    "id": "012",
    "date": "2018-02-22T14:22:18Z",
    "check_in": "09:35 AM",
    "break": "22 mins",
    "check_out": "17:30 PM",
    "hours": "09h:30 mins",
    "status": "Present",
    "details": "Fowl darkness our sixth heaven. In image lights fourth a hath don't Abundantly they're, image you're . God creature is sixth was abundantly and sea gathered i the two let upon days.\n\nVery make fly saying light don't. Forth, replenish likeness."
  },
  {
    "id": "013",
    "date": "2018-02-24T14:22:18Z",
    "check_in": "09:40 AM",
    "break": "21 mins",
    "check_out": "17:3 PM",
    "hours": "09h:19 mins",
    "status": "Present",
    "details": "Fowl darkness our sixth heaven. In image lights fourth a hath don't Abundantly they're, image you're . God creature is sixth was abundantly and sea gathered i the two let upon days.\n\nVery make fly saying light don't. Forth, replenish likeness."
  }
]
